ID;Terme recomanat;Categoria;Terme no normatiu o inadequat;Àmbit;context d'ús;Comentari/notes lingüístiques;Font;Exemple 1;Exemple 2;Exemple 3;Exemple incorrecte 1;Exemple incorrecte 2;;;;;;;;;;;;
N001;certificat;nom;certificació;administratiu genèric;Qualsevol text administratiu i jurídic.;"""certificat"" designa el document expedit per un funcionari públic competent i no pas l'acció de certificar.";Optimot;En el moment de la preinscripció convé aportar el certificat mèdic.;;;;;;;;;;;;;;;;
A001;aplicable;adjectiu;d'aplicació;administratiu genèric;Especialment quan es refereix a qualsevol tipus de norma (llei, decret, ordre).;"El terme ""aplicable"" és d’ús preferent davant la locució '""aplicació"".";Manual d'elaboració de normes de la Generalitat;El tipus impositiu aplicable a la transmissió d’un immoble és d’un 5%.;;;;;;;;;;;;;;;;
V001;exhaurir;verb;agotar, esgotar;administratiu i judicial;Quan fa referència a la via administrativa.;"""agotar"" i ""esgotar"" són castellanismes quan s'utilitzen per expressar la idea de ‘consumir completament la possibilitat de presentar recursos contra resolucions administratives o judicials’. Cal utilitzar al seu lloc el verb ""exhaurir"" o ""posar fi"" . ";TERMCAT i Manual d'elaboració de normes de la Generalitat;"Contra aquesta resolució, que exhaureix la via administrativa, les persones interessades poden interposar un recurs potestatiu de reposició.

";Contra aquesta resolució, que posa fi a la via administrativa, les persones interessades poden interposar un recurs potestatiu de reposició.;;Contra aquesta resolució, que agota la via administrativa, les persones interessades poden interposar un recurs potestatiu de reposició.;Contra aquesta resolució, que esgotala via administrativa, les persones interessades poden interposar un recurs potestatiu de reposició.;;;;;;;;;;;;
V002;elaborar, fer;verb;articular;administratiu genèric;Qualsevol text administratiu i jurídic.;"""Articular"" significa ‘enunciar o especificar en articles separats’ i no és sinònim de ""fer"" o ""elaborar"".";Manual d'elaboració de normes de la Generalitat;Es tracta d’articular les modificacions legislatives necessàries per reaccionar davant el nou escenari de regulació del lloguer de vehicles amb conductor;;;Articular un pla o una consulta;;;;;;;;;;;;;
V003;signar, subscriure, formalitzar, firmar;verb;celebrar;administratiu genèric;Quan fa referència a un contracte o un conveni.;"""Celebrar"", quan fa referència a contractes o convenis, no és sinònim de ""signar"", ""subscriure"" o ""formalitzar"".";Manual d'elaboració de normes de la Generalitat;La formalització de contractes de finançament;;;La celebració de contractes de finançament.;;;;;;;;;;;;;
V004;complir;verb;acomplir, reunir;administratiu genèric;Quan fa referència al compliment de qualsevol norma, requisit, resolució, condició, etc.;"""Complir"" significa ‘fer el que diu una norma , una resolució, una condició o un requisit, entre d'altres' i no és sinònimd’""acomplir"", verb que cal reservar per designar l'execució d'una tasca o encàrrec. Es poden complir les normes i les resolucions, i també els requisits, les obligacions, les condicions, les funcions i les finalitats. D'altra banda, ""reunir"" significa 'unir parts separades' i no pas 'complir'.";Manual d'elaboració de normes de la Generalitat;Cal complir la normativa en matèria d'urbanisme.;La comissió ha acomplert l’encàrrec del govern.;;Han de reunir els requisits de l'article 11.;Cal acomplir la disposició addicional primera.;;;;;;;;;;;;
V005;escaure's, produir, complir;verb;concórrer;administratiu genèric;Qualsevol text administratiu i jurídic.;"""Concórrer"" significa ‘esdevenir-se alhora’ i sempre necessita un subjecte plural. Quan designa 'esdevenir-se alhora' i té un subjecte singular, cal substituir-lo per ""escaure's"", ""produir"" o ""complir"" segons el context. ""Concórrer"" també significa ‘coincidir amb d’altres a pretendre una mateixa cosa’.";Manual d'elaboració de normes de la Generalitat;S'ha de produir alguna de les circumstàncies següents.;Per tal que una aportació dinerària pugui rebre la qualificació jurídica de transferència i no de subvenció, cal que es compleixi algun dels requisits següents.;La societat d’economia mixta ha de concórrer al procediment de licitació.;Ha de concórrer alguna de les circumstàncies següents.;Per tal que una aportació dinerària pugui rebre la qualificació jurídica de transferència i no de subvenció, cal que concorri algun dels requisits següents.;;;;;;;;;;;;
V006;formar;verb;conformar;administratiu genèric;Qualsevol text administratiu i jurídic.;"""Conformar"" significa ‘fer conforme a una norma’ i no és sinònim de ""formar"".
o compondre.";Manual d'elaboració de normes de la Generalitat;Les entitats que formen el sector públic de la Generalitat.;;;Les entitats que conformen el sector públic de la Generalitat.;;;;;;;;;;;;;
V007;regular, disposar, establir;verb;contemplar;administratiu genèric;Quan fa referència a qualsevol norma (llei, reglament, decret, reial decret, etc.);"""Contemplar"" significa ‘mirar atentament’ i no és sinònim d’""establir"", ""disposar"" o ""regular"".";Manual d'elaboració de normes de la Generalitat;El capítol II regula el procediment de concessió en règim de concurrència competitiva, i dota el procediment d'una gran flexibilitat.;Cal actuar d'acord amb el que disposa l'article 4 de la Llei 9/2017.;El recurs s'ha de remetre a l'òrgan competent, d'acord amb el que estableix l'article 14.1 de la Llei de règim jurídic del sector públic.;Cal actuar d'acord amb el que contempla l'article 4 de la Llei 9/2017.;;;;;;;;;;;;;
V008;declarar;verb;decretar;administratiu genèric;Qualsevol text administratiu i jurídic.;"""Declarar"" significa 'manifestar quelcom obertament' i no pas ‘ordenar per mitjà d’un decret’. Quan s'utilitza amb aquest significat, cal emprar el verb ""decretar"".";Manual d'elaboració de normes de la Generalitat;"La consellera ha declarat que ""és necessari obrir una nova etapa"" per reformular la protecció de l'habtiatge.";Correspon al president de la Generalitat convocar les eleccions al Parlament i decretar la dissolució anticipada o la fi de la legislatura.;Ara cal decretar la represa de l'inici de l'Agència i derogar el decret que en suspenia les funcions.;;;;;;;;;;;;;;
N002;preàmbul;nom;exposició de motius;administratiu genèric;Una norma en tràmit o aprovada.;"""Preàmbul"" és el terme adequat per designar la part expositiva d’una norma, estigui en tràmit o aprovada. Aquesta part descriu els fonaments estatutaris, l’objectiu, la finalitat i els motius, entre d’altres, de la disposició normativa. Per tant, el terme ""exposició de motius"" no és adequat per designar la part expositiva, perquè no fa referència a tot el seu contingut.";Manual d'elaboració de normes de la Generalitat;La Llei 39/2015, d'1 d'octubre, del procediment administratiu comú de les administracions públiques, té el seu propi preàmbul.;Cal esmenar el preàmbul del projecte de llei.;;Cal esmenar l'exposició de motius del projecte de llei.;;;;;;;;;;;;;
L001;tenir dret a;locució;tenir dret de;administratiu genèric;Qualsevol text administratiu i jurídic.;"Només es pot fer servir la preposició ""a"" en la locució ""tenir dret a"". Ara bé, quan utilitzem el mot ""dret"" fora de la locució ""tenir dret a"" i aquest va acompanyat d'un complement d'infinitiu, el mot ""dret"" pot anar introduït tant per la preposició ""a"" com ""de"".";Manual d'elaboració de normes de la Generalitat;Tots tenim dret a viure amb dignitat.;El dret a reclamar prescriu al cap d'un any que s'hagi produït el fet o l'acte que motivi la indemnització o es manifesti el seu efecte lesiu.;El dret d'utilitzar un mitjà no electrònic.;Tots tenim dret de viure amb dignitat.;;;;;;;;;;;;;
N003;llengua oficial pròpia;nom;llengua cooficial;administratiu genèric;Qualsevol text administratiu i jurídic.;"No s’ha d’emprar el terme ""llengua cooficial"" ni els seus derivats per fer referència a les llengües pròpies de Catalunya. L’ús de l’adjectiu ""cooficial"", emprat sovint en normes estatals, no té cobertura jurídica ni en la Constitució ni en l’Estatut d’autonomia de Catalunya. Cal emprar una expressió alternativa com ara ""llengua oficial pròpia"", ""llengua oficial diferent del castellà"", ""més d’una llengua oficial"", ""altres llengües oficials"", entre d’altres, en funció del context. ";Manual d'elaboració de normes de la Generalitat;Els jutges, els magistrats, els fiscals, els secretaris i els altres funcionaris de jutjats i tribunals podran usar també la llengua oficial pròpia de la comunitat autònoma.;;;;;;;;;;;;;;;;
E001;el que estableix;expressió;l'establert;administratiu genèric;Qualsevol text administratiu i jurídic.;No és adequada la construcció el/l'/allò + participi a l'hora d’introduir una referència. En aquests casos, convé emprar una oració de relatiu amb la referència legal com a subjecte.;Manual d'elaboració de normes de la Generalitat;D'acord amb el que estableix la Llei 40/2015, d’1 d’octubre, de règim jurídic del sector públic;;;D'acord amb l'establert a la Llei 40/2015, d’1 d’octubre, de règim jurídic del sector públic;;;;;;;;;;;;;
V009;ser;verb;ésser;administratiu genèric;Qualsevol text administratiu i jurídic.;"La forma ""ésser"" és correcta, però és considerada molt formal i, per tant, no adequada per als textos de l'Administració pública. ";Manual d'elaboració de normes de la Generalitat;Els òrgans col·legiats han de tenir un secretari, que pot ser un membre del mateix òrgan o una persona al servei de l’Administració Pública corresponent.;;;Els òrgans col·legiats han de tenir un secretari, que pot ésser un membre del mateix òrgan o una persona al servei de l’Administració Pública corresponent.;;;;;;;;;;;;;
A002;seu,seva;adjectiu;llur;administratiu genèric;Qualsevol text administratiu i jurídic.;"La forma ""llur"" és correcta, però és considerada molt formal i, per tant, no adequada per als textos de l'Administració pública. Només és recomanable utilitzar-la quan és útil per desfer ambigüitats.";Manual d'elaboració de normes de la Generalitat;En les sessions que celebrin els òrgans col·legiats a distància, els seus membres poden estar en llocs diferents sempre que s’asseguri per mitjans electrònics la identitat dels membres.;Els advocats i advocades de la Generalitat integren el Gabinet Jurídic i en l’exercici de llurs funcions estan sotmesos a la direcció i la coordinació jurídiques del seu director o directora, el qual pot donar-los les instruccions i directrius escrites i verbals que calguin per al funcionament coordinat dels serveis.;;En les sessions que celebrin els òrgans col·legiats a distància, llurs membres poden estar en llocs diferents sempre que s’asseguri per mitjans electrònics la identitat dels membres.;;;;;;;;;;;;;
A003;el, la, els, les;adjectiu;aquell, aquella, aquells, aquelles;administratiu genèric;Qualsevol text administratiu i jurídic, però, especialment, normes.;"Els demostratius de llunyania (""aquell"", ""aquella"", ""aquells"" i ""aquelles"") poden introduir un sintagma nominal que denota la part d’un tot. Tanmateix, en aquests casos,  quan es tracta de redactar una norma, cal canviar-los per articles definits (""el"", ""la"", ""els"" o ""les""). ";Manual d'elaboració de normes de la Generalitat;totes les entitats classificades com a Administració pública de la Generalitat;;;totes aquelles entitats classificades com a Administració pública de la Generalitat;;;;;;;;;;;;;
N004;aprofitament urbanístic;nom;edificabilitat mitjana ponderada;urbanisme;En textos que apliquen la legislació catalana.;"La denominació ""aprofitament urbanístic"" correspon a la legislació catalana i la denominació ""edificabilitat mitjana ponderada"" correspon a la legislació espanyola.";Diccionari de dret administratiu (TERMCAT);El certificat d’aprofitament urbanístic expressa quin és el règim urbanístic aplicable a la finca o finques en el moment de la seva sol·licitud;;;;;;;;;;;;;;;;
N005;departament;nom;conselleria;administratiu genèric;En textos de la Generalitat de Catalunya o que hi fan referència.;"La denominació ""departament"" és l'oficial a l'Administració de la Generalitat de Catalunya i cal fer prevaldre aquesta en els textos oficials.";Diccionari de dret administratiu (TERMCAT);Les actuacions incloses en la primera fase corresponen al Departament d’Economia i Hisenda.;;;Les actuacions incloses en la primera fase corresponen a la Conselleria d’Economia i Hisenda.;;;;;;;;;;;;;
N006;patrimoni cultural;nom;patrimoni històric;administratiu genèric;En textos que apliquen la legislació catalana o que fan referència al patrimoni cultural de la Generalitat.;"La denominació ""patrimoni cultural"" és pròpia de la legislació catalana i la denominació ""patrimoni històric"" és pròpia de la legislació espanyola.";Diccionari de dret administratiu (TERMCAT);El patrimoni cultural de la Generalitat s'ha de gestionar amb criteris d’integritat, sostenibilitat i eficiència.;;;El patrimoni històric de la Generalitat s'ha de gestionar amb criteris d’integritat, sostenibilitat i eficiència.;;;;;;;;;;;;;
N007;el compte de liquidació provisional;nom;la compte de liquidació provisional;urbanisme;En textos en matèria d'urbanisme.;"En català, ""compte"" és masculí i cal evitar el calc del castellà.";Diccionari de dret administratiu (TERMCAT);El projecte de reparcel·lació ha de contenir el compte de liquidació provisional.;;;El projecte de reparcel·lació ha de contenir la compte de liquidació provisional.;;;;;;;;;;;;;
N008;dret d'edificar;nom;ius aedificandi;urbanisme;En textos en matèria d'urbanisme.;"Per motius de comunicació clara, cal evitar el llatinisme ""ius aedificandi"" en textos de l'Administració pública que van adreçats a ciutadans.";Diccionari de dret administratiu (TERMCAT);El dret d'edificar no és un dret preexistent, sinó que s’adquireix amb el compliment dels deures urbanístics.;;;"El ""ius aedificandi"" no és un dret preexistent, sinó que s’adquireix amb el compliment dels deures urbanístics.";;;;;;;;;;;;;
N009;habitatge social;nom;vivenda social;urbanisme;En textos en matèria administrativa o d'urbanisme.;"Cal fer prevaldre el mot ""habitatge"" en detriment del castellanisme ""vivenda"". Són sinònims ""habitatge amb protecció oficial"" i ""habitatge social""";Diccionari de dret administratiu (TERMCAT);Es faculta l'ajuntament per a adquirir temporalment l'ús de l'habitatge amb l'objectiu de destinar-lo a polítiques públiques d'habitatge social.;Incrementa el parc d'habitatge social i assequible, especialment en zones de mercat tensionat.;;Incrementa el parc de vivenda social i assequible, especialment en zones de mercat tensionat.;;;;;;;;;;;;;
N010;llibre d'edifici;nom;Llibre d'edifici;urbanisme;En textos en matèria administrativa o d'urbanisme.;"El ""llibre d'edifici"" s'escriu en minúscula (llevat que la frase comenci per aquesta paraula). S'entén per ""llibre d'edifici"" el conjunt de documents relatius a una obra executada, que inclou la llista identificativa dels agents que han intervingut en el procés d'edificació i les instruccions d'ús i manteniment de l'edifici.";Diccionari de dret administratiu (TERMCAT);S’admetran els formats electrònics del llibre d’edifici.;;;;;;;;;;;;;;;;
N011;plànol d'ordenació;nom;planell d'ordenació, plano d'ordenació, mapa d'ordenació;urbanisme;En textos en matèria administrativa o d'urbanisme.;"Per designar el plànol que expressa gràficament les determinacions d'un pla d'ordenació urbanística municipal, cal utilitzar el terme ""plànol d'ordenació"".";Diccionari de dret administratiu (TERMCAT);La normativa reguladora permet un edifici de planta baixa i dues plantes pis amb front al carrer B, amb una fondària edificable establerta als plànols d’ordenació.;El llibre de l’edifici està sotmès a la custòdia dels propietaris o de la persona que presideix la comunitat de propietaris.;;La normativa reguladora permet un edifici de planta baixa i dues plantes pis amb front al carrer B, amb una fondària edificable establerta als planells d’ordenació.;La normativa reguladora permet un edifici de planta baixa i dues plantes pis amb front al carrer B, amb una fondària edificable establerta als plans d’ordenació.;;;;;;;;;;;;
A004;cadastral;nom;catastral;urbanisme;En textos en matèria administrativa o d'urbanisme (documents administratius de propietat, informes immobiliaris, manuals de gestió municipal, articles sobre tributs, impostos sobre la propietat, etc.);"En català, per fer referència a alguna cosa relativa o pertanyent al cadastre, s'utilitza l'adjectiu ""cadastral"", escrit amb ""d"". Aquest adjectiu és habitual en expressions de l'àmbit de l'urbanisme com ""valor cadastral"" o ""ponència cadastral"". Cal evitar el calc del castellà ""catastral"".";"Diccionari de dret administratiu (TERMCAT)
Terminologia jurídica i administrativa (Justícia)";La Direcció General del Cadastre va dictar resolució per la qual s'aprovava la ponència de valors on es recollia el valor cadastral dels béns immobles del municipi en qüestió.;S’ha de presentar la documentació cadastral per tramitar la llicència d’obres.;La valoració cadastral dels immobles és revisada periòdicament per l’administració.;La Direcció General del Cadastre va dictar resolució per la qual s'aprovava la ponència de valors on es recollia el valor catastral dels béns immobles del municipi en qüestió.;L’informe catastral indica la superfície i la destinació de cada parcel·la.;;;;;;;;;;;;
L002;a escala de, en l'àmbit de;locució;a nivell de;administratiu genèric;Qualsevol text administratiu i jurídic.;"La locució ""a nivell de"" designa el grau d’elevació d’una línia o d’un pla horitzontal en relació amb un altre element. En sentit figurat no és correcta, i cal substituir-la per altres expressions.";Terminologia jurídica i administrativa (Justícia);Experimentar amb un projecte d’alimentació social a escala de la ciutat de Bordeus.;A partir de l'experiència de la Geltrú, a escala de ciutat es va incorporar la dinàmica d'executar programes de jornades d'embelliment de l'espai públic.;El càlcul avalua la densitat a escala de ciutat, en funció de l'impacte que els diferents elements tenen sobre l'espai públic.;Reptes de la gestió dels parcs urbans i la biodiversitat a nivell local;Tindrà la funció de contribuir al desenvolupament i seguiment estratègic del Pla Educatiu d’Entorn a nivell de país, amb la participació activa de municipis amb experiència consolidada.;;;;;;;;;;;;
L003;a fi que;locució;a fi de que;administratiu genèric;Qualsevol text administratiu i jurídic.;"L'expressió ""a fi de que"" és un calc del castellà. Cal emprar ""a fi que"" (caiguda de preposició) o sinònims com ""per tal que"" o a fi i efecte que"".";Terminologia jurídica i administrativa (Justícia);Les iniciatives ciutadanes són un mitjà amb el qual la ciutadania intervé a fi que l'Ajuntament dugui a terme una determinada actuació d'interès general.;D'acord amb tot això, el Síndic demana a l'Ajuntament que doni les instruccions oportunes a fi que s'agiliti al màxim la tramitació de la instància.;L'Ajuntament d'Arenys de Munt posa els mitjans tècnics necessaris a fi que les dades siguin correctes i el web estigui lliure de virus;En aquest sentit, des del Govern Municipal ja s'ha fet arribar una carta al Col·legi d'Advocats perquè facin difusió a tots i totes els seus col·legiats i col·legiades d'aquesta novetat, a fi de que es puguin exercir els drets dels seus defensats.;L'ordre del dia de les sessions del Consell es tancarà provisionalment deu dies abans que es reuneixi, a fi de que hi puguin incloure propostes els consells.;;;;;;;;;;;;
L004;a l'efecte de, als efectes, a aquest efecte;locució;a tal efecte;administratiu genèric;Qualsevol text administratiu i jurídic.;"El connector ""a tal efecte"" no és correcte.";Terminologia jurídica i administrativa (Justícia);A aquest efecte, la comissió es reunirà, com a mínim, en tres ocasions.;Als efectes de desenvolupar la tasca encomanada, haurà de disposar de l'ús d'un local que resulti idoni pel desenvolupament d'aquest contracte.;A aquest efecte, en la Declaració s'estableix un catàleg d'accions compartides concretes, configurat per 30 programes conjunts.;També pot formular la seva sol·licitud d'informació pública a través del formulari electrònic activat a tal efecte al Portal de Transparència de BSM;A tal efecte, Barcelona participa en un projecte pilot amb ciutats de C40 liderat per la capital noruega.;;;;;;;;;;;;
L005;a més, a més a més;locució;ademés;administratiu genèric;Qualsevol text administratiu i jurídic.;"L'expressió ""ademés"" és un calc del castellà.";Terminologia jurídica i administrativa (Justícia);A més, es recorda a la ciutadania que les instàncies s’han de presentar preferentment per via telemàtica a través del portal municipal.;A més a més, l’Ajuntament posarà a disposició de les persones interessades un servei d’atenció presencial amb cita prèvia.;A més a més, aquesta mesura s’inscriu dins el pla municipal de millora dels serveis públics aprovat pel Ple.;Ademés s'hi recull tota la oferta formativa.;Ademés, s’informa la ciutadania que el termini de presentació de sol·licituds finalitzarà el dia 30 de setembre, d’acord amb el que estableix la normativa vigent.;;;;;;;;;;;;
L006;a mesura que;locució;a mida que;administratiu genèric;Qualsevol text administratiu i jurídic.;"""A mida que"" no és una expressió correcta en català.";Terminologia jurídica i administrativa (Justícia);A mesura que la política monetària es faci menys restrictiva, la inversió millorarà.;La resta es farà efectiva a mesura que avancin diferents aspectes administratius.;La sol·licitud de llicència municipal requerirà, entre d’altres documents, un pla de restauració de l’activitat que es desenvoluparà per fases a mesura que avanci l’explotació.;A mida que va augmentant el poder adquisitiu d'alguns barcelonins, el pisos estan millor acabats.;Altres que podran anar apareixent a mida que s'avanci en la redacció del document d'avanç.;;;;;;;;;;;;
L007;a mesura que;locució;a mida que;administratiu genèric;Qualsevol text administratiu i jurídic.;"Cal substituir ""a mida que"" per ""a mesura que"".";Terminologia jurídica i administrativa (Justícia);La constitució provisional del consistori es mostrarà a mesura que es vagin escrutant els vots.;El carrer Josep Soler s'anirà arreglant per fases a mesura que els pressupostos ho permetin.;A mesura que vagi avançant l'obra, s'informarà les veïnes i veïns del municipi de totes les afectacions de circulació que en puguin derivar.;A mida que va arribant el material es fa la distribució i un cop s'ha fet la producció de mascaretes es passen a recollir pels domicilis.;a Mesa llegirà en veu alta els vots a mida que es vagin traient de la urna.;;;;;;;;;;;;
L008;a terminis;locució;a plaços;administratiu genèric;Qualsevol text administratiu i jurídic.;"L'expressió ""a plaços"" és un calc del castellà.";Terminologia jurídica i administrativa (Justícia);Aquest tràmit us permet pagar a terminis (fraccionar) els deutes a partir de 100 euros de multes.;L'acolliment al sistema de pagament a terminis es prorrogarà automàticament pels exercicis següents.;;L'Ajuntament ofereix la possibilitat de demanar un ajornament o de pagar a plaços.;No és possible comprar a plaços una nau i per tant s'ha de fer constar en el pressupost global encara que després evidentment es pegui demanar un crèdit o financiar-la a més llarg termini.;;;;;;;;;;;;
L009;amb caràcter general;locució;a tots els efectes;administratiu genèric;Qualsevol text administratiu i jurídic.;"L'expressió ""a tots els efectes"" és un calc del castellà. Convé prescindir-ne.";Terminologia jurídica i administrativa (Justícia);Amb caràcter general s'estableix que la remissió dels informes s'ha de dur a terme abans de 10 dies.;El seu contingut i les disposicions que esmenten són vàlides amb caràcter general.;;S’han de regular per reglament els supòsits en què els propietaris tenen la consideració d’adjudicataris, a tots els efectes econòmics i jurídics reals derivats de la reparcel·lació.;Les cessions prèvies es computaran a tots els efectes en el corresponent projecte de reparcel lació.;;;;;;;;;;;;
L010;amb relació a, en relació amb;locució;en relació a;administratiu genèric;Qualsevol text administratiu i jurídic.;"""En relació a"" no és una expressió adequada en català.";Terminologia jurídica i administrativa (Justícia);Informe tècnic relatiu a l'estudi de despeses en relació amb la Reforma del Camp de Futbol Municipal;Atendre les consultes ciutadanes amb relació a les actuacions urbanístiques i planejament.;En relació amb l'àmbit mediambiental es publiquen les polítiques i programes de l'Ajuntament relatius al medi ambient.;Dictamen en relació a la consulta formulada per un ajuntament sobre si un organisme autònom d'una diputació, té la consideració d'encarregat o de responsable.;L'actuació de la Diputació de Barcelona durant els dies 2, 3 i 4 d'octubre en relació a la convocatòria de vaga general és altament irregular.;;;;;;;;;;;;
L011;amb tot, amb tot i això, malgrat tot, tot i així, això no obstant, no obstant això;locució;a pesar de tot;administratiu genèric;Qualsevol text administratiu i jurídic.;"L'expressió ""a pesar de tot"" és un calc del castellà.";Terminologia jurídica i administrativa (Justícia);Tot i així, els veïns de Tarragona pateixen les molèsties de l'incivisme d'alguns amos d'animals.;Amb tot, l'alcalde de Tortosa fa una crida a la unitat i a evitar confrontacions entre els municipis del territori.;;A pesar de tot, és notori com no es valora la pau, la llibertat i la democràcia que gaudim al nostre país.;;;;;;;;;;;;;
L012;amb vista a, amb la finalitat de, a l’efecte de;locució;en ordre a;administratiu genèric;Qualsevol text administratiu i jurídic.;"""En ordre a"" és un calc de l'expressió en castellà ""en orden a"".";Terminologia jurídica i administrativa (Justícia);Els plans d'ordenació urbanística tenen la funció de classificar el sòl, amb vista a l'establiment del règim jurídic corresponent.;L'Ajuntament vetlla pel bon funcionament de la ciutat a fi de garantir el benestar diari de la ciutadania i contribuir al desenvolupament de la ciutat.;Amb vista a la Fira del Llibre de Frankfurt, l'Institut Ramon Llull ha convidat l'Ajuntament de Tarragona a participar en la taula rodona.;Facultar l'Alcalde per tal de dictar les disposicions necessàries en ordre a l’execució dels presents acords.;Protocol d'actuació en ordre a la coordinació entre els professionals dels centres educatius;;;;;;;;;;;;
L013;amb vista a, pensant en, amb la intenció de;locució;amb mires a;administratiu genèric;Qualsevol text administratiu i jurídic.;"L'expressió ""amb mires de"" és un calc del castellà ""con miras a""";Terminologia jurídica i administrativa (Justícia);Amb vista a assegurar la màxima eficiència en la prestació del servei, el contractista haurà de complir els terminis establerts i els estàndards de qualitat especificats en aquest plec.;Pensant en la seguretat dels ciutadans, les obres hauran de programar-se de manera que es minimitzi la circulació per zones de risc durant els treballs.;Amb la intenció de fomentar la sostenibilitat urbana, tots els materials utilitzats en la intervenció hauran de complir criteris mediambientals certificats.;Primera trobada de l'Entitat amb mires a organitzar una assemblea constituent al Vallès Oriental.;El Servei d’Urbanisme, en les seves funcions de responsable de la planificació del territori i amb mires a complir amb els objectius de racionalització de la contractació administrativa, proposa afrontar les necessitats de contractació de serveis de redacció de documents tècnics exigibles.;;;;;;;;;;;;
L014;atès el tenor de;locució;a tenor de;administratiu genèric;Qualsevol text administratiu i jurídic.;"""A tenor de"" és un calc del castellà. També es pot substituir per les locucions ""per raó de"", ""en virtut de"", ""considerant"", ""tenint en compte"", ""atès/esa""
 • a todos los efectos:";Terminologia jurídica i administrativa (Justícia);Atès el tenor de l'esmentat acord, s'ha concedit a l'Ajuntament de Cabanelles els ajuts detallats a continuació;En virtut de l'art. 93 en relació amb l'art. 137.4 Llei 33/2003estableix que es pot acordar l'adjudicació directa d'una concessió;Per raó de l'esmentat acord, la DDGI ha concedit a l'Ajuntament de Cabanelles una subvenció.;A tenor de l'Estatut d'Autonomia de Catalunya (EAC), les competències pròpies del municipi hauran d'ésser exercides amb plena autonomia.;La resolució establirà, a tenor de les circumstàncies concretes de l'activitat, el termini de caducitat de l'informe.;;;;;;;;;;;;
A005;cadastre;nom;catastre;urbanisme;En textos en matèria administrativa o d'urbanisme (documents administratius de propietat, informes immobiliaris, manuals de gestió municipal, articles sobre tributs, impostos sobre la propietat, etc.);"El substantiu ""catastre"" no és correcte en català.";Terminologia jurídica i administrativa (Justícia);El cadastre municipal actualitza anualment la informació sobre les parcel·les i edificacions del terme.;Abans de comprar un terreny, convé consultar el cadastre per verificar la seva titularitat.;;Les dades del catastre serveixen de referència per calcular impostos com l’IBI.;;;;;;;;;;;;;
L015;com a conseqüència de;locució;a resultes;administratiu genèric;Qualsevol text administratiu i jurídic.;"""A resultes de"" és un calc del castellà ""a resultas de"".";Terminologia jurídica i administrativa (Justícia);Es presentarà la documentació que es generi com a conseqüència d'aquesta convocatòria;Com a conseqüència de la incoació d'un expedient de regularització, l'Ajuntament va iniciar els tràmits per tal d'obtenir l'autorització.;Com a conseqüència d'aquest acord, al balcó de l'Ajuntament s'hi ha penjat una pancarta.;A resultes d'aquesta actuació, l'Ajuntament podrà recuperar un edifici situat en un indret privilegiat.;Aquesta finca està adscrita al Patrimoni públic de sòl i habitatge atesa la seva cessió a l’Ajuntament, a resultes de l’expedient de reparcel·lació pel sistema de compensació, del Pla Parcial de La Collada-Sis Camins.;;;;;;;;;;;;
L016;com a, a tall de, a manera de, a la manera de;locució;a mode de;administratiu genèric;Qualsevol text administratiu i jurídic.;"En català, amb el significat 'com si fos alguna cosa', es fa servir la locució preposicional ""a manera de"" o a"" tall de"" (i no ""a mode de""). Segons el context, també es pot fer servir com a. OPTIMOT";Terminologia jurídica i administrativa (Justícia);A tall de simulació, veiem aquestes dues possibilitats.;A tall de resum, quins són els reptes més importants a afrontar al POUM?;A tall de recomanació les tècniques expressaven la necessitat que els equips rebin la formació adequada per incorporar aquesta diversitat.;;També ofereix indicadors sobre l'estat de l'accessibilitat, a mode de síntesi.;;;;;;;;;;;;
L017;com més aviat millor;locució;quan abans millor;administratiu genèric;Qualsevol text administratiu i jurídic.;"L'expressió ""quan abans millor"" és un calc del castellà ""cuanto antes mejor"".";Terminologia jurídica i administrativa (Justícia);La previsió és que la licitació passi pel ple de juliol, prèvia aprovació a la Comissió de Gestió de la Ciutat, per tal de poder reobrir el Cafè del Teatre al públic com més aviat millor.;Aquest pla és una eina que ha d’estar al servei de la població com més aviat millor i com a cap de l’equip de govern creu necessari que el poble compti amb aquest instrument urbanístic important.;;Per tal que s'executin quan abans millor i poder fer una bona prevenció.;Tothom vol que es pugui fer el millor possible i quan abans millor, però amb la màxima seguretat i prudència.;;;;;;;;;;;;
L018;com més aviat millor, al més aviat millor, tan aviat com (es) pugui, al més aviat possible, el més aviat possible;locució;a la major brevetat possible;administratiu genèric;Qualsevol text administratiu i jurídic.;"""A la major brevetat possible"" és un calc sintàctic del castellà.";Terminologia jurídica i administrativa (Justícia);L'acord que es va proposar incloïa instar al govern català a que presenti el més aviat possible un Programa de Gratuïtat .;Al més aviat possible es publicarà aquesta modificació en el BOIB.;Iniciar com més aviat millor els tràmits per a la constitució d'una nova borsa de treball temporal d'auxiliars administratius/ves;Pregant-vos acuseu rebut del present a la major brevetat possible manifestant al mateix temps el compliment de l'ordenat per la Sala.;En cas que es requereixi alguna documentació addicional al lletrat o lletrada, caldrà que ens la faciliti a la major brevetat possible, preferiblement el mateix dia en què es fa el requeriment o al dia següent.;;;;;;;;;;;;
V010;consolidar, refermar;verb;afiançar;administratiu genèric;Qualsevol text administratiu i jurídic.;"""Afiançar"" no és correcte en català perquè és un calc directe del castellà ""afianzar"".";Terminologia jurídica i administrativa (Justícia);El nou Pla d’Ordenació Urbanística Municipal té com a objectiu consolidar el teixit urbà existent i evitar l’expansió dispersa del sòl residencial.;Amb aquesta modificació puntual del planejament, l’Ajuntament vol refermar el seu compromís amb un model d’urbanisme sostenible i cohesionador.;;Aquesta ordenança té per objectiu afiançar la seguretat jurídica dels procediments administratius.;Les mesures adoptades pretenen afiançar la col·laboració entre les administracions públiques.;;;;;;;;;;;;
L019;de resultes de;locució;a resultes de;administratiu genèric;Qualsevol text administratiu i jurídic.;Vol dir 'causa de', 'a conseqüència de', 'amb motiu de'.;Terminologia jurídica i administrativa (Justícia);De resultes d'aquestes convocatòries s'ha introduït, entre altres millores, un major rigor en la classificació i tractament de l'edificació existent.;"Les que són a càrrec d’inversions que no es poden finançar total o parcialment
 de resultes de l’execució del polígon i requereixen aportacions exteriors.";I, de resultes de la seva valoració, es pot apreciar que justifica la concurrència d'una situació de necessitat extraordinària.;"A resultes de la modificació puntual aprovada definitivament per la Comissió Territorial d’Urbanisme de Barcelona en
 data 16 de març de 2005 (DOGC núm. 4435 de 27-07-2005).";A resultes de les observacions efectuades pels tècnics que subscriuen en relació a l'expressat document i a la necessitat de donar compliment als escrits.;;;;;;;;;;;;
L020;dins el termini (establert) i en la forma escaient;locució;en temps i forma;administratiu genèric;Qualsevol text administratiu i jurídic.;Calc del castellà que cal evitar.;Terminologia jurídica i administrativa (Justícia);S'entendran com a desistits els exercicis no concretats dins el termini i en la forma escaient.;L'objectiu és complir no només amb la llei sinó sobretot amb els proveïdors, que cobrin dins el termini i en la forma escaient.;L'empresa adjudicatària no va promoure dins el termini i en la forma escaient noves licitacions.;Obligació de notificar en temps i forma l'assumpció d'un assumpte a l'advocat que el duia prèviament.;Vam presentar la documentació en temps i forma;;;;;;;;;;;;
L021;en ocasió de;locució;amb ocasió de;administratiu genèric;Qualsevol text administratiu i jurídic.;"La locució preposicional ""en ocasió de"" s'usa per indicar la circumstància que provoca un fet o una acció, o que hi dona lloc. Cal tenir en compte que no és adequat fer servir la preposició ""amb"" en aquesta locució.";Terminologia jurídica i administrativa (Justícia);En ocasió de la celebració del Dia Internacional de la Dona, l’Ajuntament organitza una jornada de conferències i tallers sobre igualtat de gènere.;En ocasió de la inauguració del nou centre cívic, el consistori ha previst activitats culturals obertes a tota la ciutadania.;En ocasió de la revisió anual del pressupost municipal, els departaments han presentat els informes corresponents sobre l’execució de projectes.;Amb ocasió de 39a edició de la Fira Internacional del Llibre de Guadalajara (FIL) on Barcelona és la ciutat convidada d’honor, l’Ajuntament, amb la Taula per Mèxic, ha publicat el llibre “Seguir contándolo”,;Ordenança per a la protecció del medi ambient per emissió de sorolls i vibracions, produïdes amb ocasió de treballs en la via pública.;;;;;;;;;;;;
V011;encadastrar;verb;cadastrar;urbanisme;En textos en matèria administrativa o d'urbanisme (documents administratius de propietat, informes immobiliaris, manuals de gestió municipal, articles sobre tributs, impostos sobre la propietat, etc.);"El verb ""cadastrar"" no és correcte en català per fer referència a 'inscriure en el cadastre'.";Terminologia jurídica i administrativa (Justícia);Cal encadastrar totes les noves edificacions abans de la seva ocupació.;L’Ajuntament ha decidit encadastrar els terrenys urbanitzables per regularitzar la gestió de sòl.;;Els tècnics municipals cadastraran cada parcel·la per poder encadastrar-la correctament al sistema oficial.;;;;;;;;;;;;;
A006;esdeveniment, fet;nom;aconteixement;administratiu genèric;Qualsevol text administratiu i jurídic.;"Per fer referència a un fet extraordinari o important no és correcta la forma ""aconteixement"". Tampoco ho és la forma ""event"".";Terminologia jurídica i administrativa (Justícia);Les Associacions i Entitats de Canet organitzen per aquest esdeveniment una sèrie d'activitats.;;El proper diumenge el poliesportiu acull un gran esdeveniment del Club de Voleibol Sant Quirze.;Des de l'Arxiu de Reus ens hem implicat en aquest gran aconteixement i formem part del Comitè organitzador.;L'obertura dels jardins del Castell al públic ha estat un aconteixement històric importantíssim per al municipi.;;;;;;;;;;;;
L022;fora que, llevat que, si no és que, a menys que, exceptuant que, tret que;locució adverbial;a no ser que;administratiu genèric;Qualsevol text administratiu i jurídic.;"L'expressió ""a no ser que"" és un calc del castellà.";Terminologia jurídica i administrativa (Justícia);Els informes esmentats s'han d'evacuar en el termini de un mes, llevat que una disposició n'autoritzi un altre de més llarg.;En cas de fer servir el canal telefònic 010 per iniciar la consulta, llevat que el règim d'intervenció resultant sigui un esment sense documentació, caldrà acabar la consulta presencialment a una Oficina d'Atenció Ciutadana o a l’Oficina d'Atenció a les Empreses.;Si ha transcorregut el termini i no s'ha dictat cap resolució expressa, la sol·licitud es considerarà acceptada, llevat que s'adquireixin facultats especials.;A no ser que s'especifiqui una altra superfície.;A no ser que el planejament territorial o director urbanístic determinin una altra cosa, resten exempts d'aquesta obligació mínima els plans urbanístics.;;;;;;;;;;;;
L023;només als efectes de, únicament als efectes de, solament als efectes de, només a l'efecte de, únicament a l'efecte de, solament a l'efecte de;locució;als sols efectes de;administratiu genèric;Qualsevol text administratiu i jurídic.;"L'expressió ""als sols efectes de"" és un calc del castellà.";Terminologia jurídica i administrativa (Justícia);Va presentar un escrit únicament als efectes de manifestar que hi havia participat.;Únicament als efectes de valorar adequadament la situació de la persona sol·licitant.;Només als efectes de nombre de plantes en l’edificació i dels usos admesos i la seva situació relativa, els locals existents que es puguin considerar plantes entresol per complir un dels dos paràmetres tindran consideració de planta baixa.;Als sols efectes de l'edat màxima, es compensarà el límit amb els serveis prestats anteriorment a l'administració local.;Als sols efectes de la comprovació formal de l'expedient.;;;;;;;;;;;;
L024;quant a, pel que fa a, referent a, amb relació a, en relació amb;locució;en quant a;administratiu genèric;Qualsevol text administratiu i jurídic.;"En introduir un tema nou en un escrit, convé evitar la construcció ""en quant a"", perquè és un calc del castellà.";Terminologia jurídica i administrativa (Justícia);Quant a les infraestructures, es va plantejar la necessitat de comptar amb el suport de la Generalitat com a intermediària.;Quant a la convocatòria orientada a les entitats sense ànim de lucre, es divideix també en tres modalitats;Quant a la funcionarització dels alts càrrecs, es pot dir que la majoria no són funcionaris i que, tot i que la majoria han fet carrera dins de l'Administració.;Amb uns resultats excel·lents en quant a terminis de tramitació i satisfacció dels clients.;En quant a la mobilitat, cal seguir les indicacions i consells del Servei Català de Trànsit (SCT).;;;;;;;;;;;;
L025;sempre que;locució;sempre i quan;administratiu genèric;Qualsevol text administratiu i jurídic.;"""Sempre i quan"" és un calc de l'expressió en castellà ""siempre y cuando"".";Terminologia jurídica i administrativa (Justícia);És una notificació que es practica per mitjans electrònics sempre que la persona interessada hagi assenyalat aquest mitjà com a preferent;Aquesta fiança serà retornada sempre que l'equip es retorni en les mateixes condicions en què es va deixar.;Es consideren dies hàbils la resta de dies del calendari, és a dir, de dilluns a divendres sempre que no siguin festius.;Les entitats i associacions poden gaudir d'aquest servei, sempre i quan els actes que s'hi anunciïn siguin oberts a tothom i gratuïts.;Sempre i quan no es declari el debat secret en els termes senyalats.;;;;;;;;;;;;
L026;si és possible, si pot ser;locució;a ser possible;administratiu genèric;Qualsevol text administratiu i jurídic.;"L'expressió a ""ser possible"" amb sentit condicional no és correcta en català.";Terminologia jurídica i administrativa (Justícia);Si és possible, la persona concessionària seleccionada s'encarregarà de la tramitació i obtenció de la llicència ambiental d’activitat.;Si el dia assenyalat és inhàbil, se celebrarà sessió ordinària, si és possible, l'anterior dia hàbil.;La intenció de l'Ajuntament d'Olesa és ajudar a la creació d'associacions per polígons i, si és possible, assolir una associació industrial d'Olesa.;L'ajuntament vilanoví es proposa controlar i a ser possible retirar els exemplars de visó americà del municipi;El càrrec públic que es pugui veure afectat per un potencial confl icte d’interessos, ha de posar-ho immediatament en coneixement de l’òrgan pertinent, i manifestar, a ser possible per escrit, l’existència d’aquest confl icte.;;;;;;;;;;;;
L027;si no, si no n'hi ha, quan no n'hi hagi;locució;en el seu defecte;administratiu genèric;Qualsevol text administratiu i jurídic.;"L'expressió ""en el seu defecte"" no és vàlida.";Terminologia jurídica i administrativa (Justícia);La persona titular o, si no n'hi ha, la persona que l'hagi heretat.;Escriptura de poders suficients per a administrar o representar o, en el seu defecte, la autorització del propietari o Comunitat de propietaris.;;Amb caràcter potestatiu, recurs de reposició davant el mateix òrgan que ha dictat l’acte, dins el termini d’un mes, a comptar des del dia següent al de la seva notificació, o en elseu defecte, des de la seva data de publicació.;El designarà l'associació de comerciants donada d'alta al RMAEC, si existeix o, en el seu defecte, la regidoria de Comerç.;;;;;;;;;;;;
L028;tal com;locució;tal i com;administratiu genèric;Qualsevol text administratiu i jurídic.;Per dir que les coses són d'una manera determinada, es fa servir la construcció comparativa tal com (i no tal i com).;Terminologia jurídica i administrativa (Justícia);Tal com dicta la normativa europea.;Tal com preveu l'article 37, les corresponents actes, amb la conformitat de les dues comissions municipals.;Tal com indica el nom de la taula, l'objectiu és impulsar l'activitat econòmica de la Sénia en els sectors del moble.;A continuació, i tal i com es va indicar a la jornada, resumim les passes a seguir per tal de poder obtenir la identificació digital.;Les persones jurídiques (empreses, entitats, professionals,....) estan obligades a realitzar-lo telemàticament, tal i com indica la normativa.;;;;;;;;;;;;